
Ravi,rkstark@gmail.com,Ravi@123,7070622031
Mehul,mehulgarg123@gmail.com,Mehul@123,7838113377
Pavan,pavankumar9823@gmail.com,Pavan@123,9035898651
Manjunath,bassapurimanjunath@gmail.com,Manju@123,9110488699
Ramesh,ramesh123@gmail.com,Ramesh_123,9876543210
Nikita,nikita_1998@gmail.com,Niki123,8765432109
Arun,arunkumarhr.smg@gmail.com,Arun@123,741950843

